Pool,SNP,Observed Frequency,Predicted Frequency
Art1,0,1,1
Art1,1,1,1
Art1,2,1,1
Art1,3,1,1
Art1,4,1,1
Art1,5,0.90000000000000002220446049250313080847263336181640625,0.9
Art1,6,1,1
Art1,7,0.6999999999999999555910790149937383830547332763671875,0.7
Art1,8,0.40000000000000002220446049250313080847263336181640625,0.4
Art1,9,1,1
Art2,0,1,1
Art2,1,1,1
Art2,2,1,1
Art2,3,1,1
Art2,4,0.90000000000000002220446049250313080847263336181640625,0.9
Art2,5,0.6999999999999999555910790149937383830547332763671875,0.7
Art2,6,1,1
Art2,7,0.40000000000000002220446049250313080847263336181640625,0.4
Art2,8,1,1
Art2,9,1,1
Art3,0,0.6999999999999999555910790149937383830547332763671875,0.7
Art3,1,0.6999999999999999555910790149937383830547332763671875,0.7
Art3,2,0.40000000000000002220446049250313080847263336181640625,0.4
Art3,3,0.90000000000000002220446049250313080847263336181640625,0.9
Art3,4,1,1
Art3,5,1,1
Art3,6,1,1
Art3,7,1,1
Art3,8,1,1
Art3,9,1,1
Art4,0,1,1
Art4,1,1,1
Art4,2,1,1
Art4,3,1,1
Art4,4,1,1
Art4,5,1,1
Art4,6,0.90000000000000002220446049250313080847263336181640625,0.9
Art4,7,0.6999999999999999555910790149937383830547332763671875,0.7
Art4,8,1,1
Art4,9,1,1
Art5,0,1,1
Art5,1,1,1
Art5,2,0.6999999999999999555910790149937383830547332763671875,0.7
Art5,3,1,1
Art5,4,0.40000000000000002220446049250313080847263336181640625,0.4
Art5,5,1,1
Art5,6,1,1
Art5,7,0.90000000000000002220446049250313080847263336181640625,0.9
Art5,8,1,1
Art5,9,1,1
Art6,0,0.90000000000000002220446049250313080847263336181640625,0.9
Art6,1,0.90000000000000002220446049250313080847263336181640625,0.9
Art6,2,1,1
Art6,3,0.40000000000000002220446049250313080847263336181640625,0.4
Art6,4,1,1
Art6,5,1,1
Art6,6,1,1
Art6,7,1,1
Art6,8,0.6999999999999999555910790149937383830547332763671875,0.7
Art6,9,1,1
Art7,0,1,1
Art7,1,1,1
Art7,2,1,1
Art7,3,1,1
Art7,4,1,1
Art7,5,1,1
Art7,6,0.6999999999999999555910790149937383830547332763671875,0.7
Art7,7,1,1
Art7,8,0.90000000000000002220446049250313080847263336181640625,0.9
Art7,9,1,1
